X;Y;TEMPO
0;0;0
0,017320508075689;0,0099951;0,001
0,034641016151378;0,0199804;0,002
0,051961524227066;0,0299559;0,003
0,069282032302755;0,0399216;0,004
0,086602540378444;0,0498775;0,005
0,103923048454133;0,0598236;0,006
0,121243556529821;0,0697599;0,007
0,13856406460551;0,0796864;0,008
0,155884572681199;0,0896031;0,009
0,173205080756888;0,09951;0,01
0,190525588832577;0,1094071;0,011
0,207846096908265;0,1192944;0,012
0,225166604983954;0,1291719;0,013
0,242487113059643;0,1390396;0,014
0,259807621135332;0,1488975;0,015
0,27712812921102;0,1587456;0,016
0,294448637286709;0,1685839;0,017
0,311769145362398;0,1784124;0,018
0,329089653438087;0,1882311;0,019
0,346410161513776;0,19804;0,02
0,363730669589464;0,2078391;0,021
0,381051177665153;0,2176284;0,022
0,398371685740842;0,2274079;0,023
0,415692193816531;0,2371776;0,024
0,43301270189222;0,2469375;0,025
0,450333209967908;0,2566876;0,026
0,467653718043597;0,2664279;0,027
0,484974226119286;0,2761584;0,028
0,502294734194975;0,2858791;0,029
0,519615242270664;0,29559;0,03
0,536935750346352;0,3052911;0,031
0,554256258422041;0,3149824;0,032
0,57157676649773;0,3246639;0,033
0,588897274573419;0,3343356;0,034
0,606217782649108;0,3439975;0,035
0,623538290724796;0,3536496;0,036
0,640858798800485;0,3632919;0,037
0,658179306876174;0,3729244;0,038
0,675499814951863;0,3825471;0,039
0,692820323027551;0,39216;0,04
0,71014083110324;0,4017631;0,041
0,727461339178929;0,4113564;0,042
0,744781847254618;0,4209399;0,043
0,762102355330307;0,4305136;0,044
0,779422863405995;0,4400775;0,045
0,796743371481684;0,4496316;0,046
0,814063879557373;0,4591759;0,047
0,831384387633062;0,4687104;0,048
0,848704895708751;0,4782351;0,049
0,866025403784439;0,48775;0,05
0,883345911860128;0,4972551;0,051
0,900666419935817;0,5067504;0,052
0,917986928011506;0,5162359;0,053
0,935307436087195;0,5257116;0,054
0,952627944162883;0,5351775;0,055
0,969948452238572;0,5446336;0,056
0,987268960314261;0,5540799;0,057
1,00458946838995;0,5635164;0,058
1,02190997646564;0,5729431;0,059
1,03923048454133;0,58236;0,06
1,05655099261702;0,5917671;0,061
1,0738715006927;0,6011644;0,062
1,09119200876839;0,6105519;0,063
1,10851251684408;0,6199296;0,064
1,12583302491977;0,6292975;0,065
1,14315353299546;0,6386556;0,066
1,16047404107115;0,6480039;0,067
1,17779454914684;0,6573424;0,068
1,19511505722253;0,6666711;0,069
1,21243556529822;0,67599;0,07
1,2297560733739;0,6852991;0,071
1,24707658144959;0,6945984;0,072
1,26439708952528;0,7038879;0,073
1,28171759760097;0,7131676;0,074
1,29903810567666;0,7224375;0,075
1,31635861375235;0,7316976;0,076
1,33367912182804;0,7409479;0,077
1,35099962990373;0,7501884;0,078
1,36832013797941;0,7594191;0,079
1,3856406460551;0,76864;0,08
1,40296115413079;0,7778511;0,081
1,42028166220648;0,7870524;0,082
1,43760217028217;0,7962439;0,083
1,45492267835786;0,8054256;0,084
1,47224318643355;0,8145975;0,085
1,48956369450924;0,8237596;0,086
1,50688420258492;0,8329119;0,087
1,52420471066061;0,8420544;0,088
1,5415252187363;0,8511871;0,089
1,55884572681199;0,86031;0,09
1,57616623488768;0,8694231;0,091
1,59348674296337;0,8785264;0,092
1,61080725103906;0,8876199;0,093
1,62812775911475;0,8967036;0,094
1,64544826719044;0,9057775;0,095
1,66276877526612;0,9148416;0,096
1,68008928334181;0,9238959;0,097
1,6974097914175;0,9329404;0,098
1,71473029949319;0,9419751;0,099
1,73205080756888;0,951000000000001;0,1
1,74937131564457;0,960015100000001;0,101
1,76669182372026;0,969020400000001;0,102
1,78401233179595;0,978015900000001;0,103
1,80133283987163;0,987001600000001;0,104
1,81865334794732;0,995977500000001;0,105
1,83597385602301;1,0049436;0,106
1,8532943640987;1,0138999;0,107
1,87061487217439;1,0228464;0,108
1,88793538025008;1,0317831;0,109
1,90525588832577;1,04071;0,11
1,92257639640146;1,0496271;0,111
1,93989690447714;1,0585344;0,112
1,95721741255283;1,0674319;0,113
1,97453792062852;1,0763196;0,114
1,99185842870421;1,0851975;0,115
2,0091789367799;1,0940656;0,116
2,02649944485559;1,1029239;0,117
2,04381995293128;1,1117724;0,118
2,06114046100697;1,1206111;0,119
2,07846096908265;1,12944;0,12
2,09578147715834;1,1382591;0,121
2,11310198523403;1,1470684;0,122
2,13042249330972;1,1558679;0,123
2,14774300138541;1,1646576;0,124
2,1650635094611;1,1734375;0,125
2,18238401753679;1,1822076;0,126
2,19970452561248;1,1909679;0,127
2,21702503368816;1,1997184;0,128
2,23434554176385;1,2084591;0,129
2,25166604983954;1,21719;0,13
2,26898655791523;1,2259111;0,131
2,28630706599092;1,2346224;0,132
2,30362757406661;1,2433239;0,133
2,3209480821423;1,2520156;0,134
2,33826859021799;1,2606975;0,135
2,35558909829368;1,2693696;0,136
2,37290960636936;1,2780319;0,137
2,39023011444505;1,2866844;0,138
2,40755062252074;1,2953271;0,139
2,42487113059643;1,30396;0,14
2,44219163867212;1,3125831;0,141
2,45951214674781;1,3211964;0,142
2,4768326548235;1,3297999;0,143
2,49415316289918;1,3383936;0,144
2,51147367097487;1,3469775;0,145
2,52879417905056;1,3555516;0,146
2,54611468712625;1,3641159;0,147
2,56343519520194;1,3726704;0,148
2,58075570327763;1,3812151;0,149
2,59807621135332;1,38975;0,15
2,61539671942901;1,3982751;0,151
2,6327172275047;1,4067904;0,152
2,65003773558038;1,4152959;0,153
2,66735824365607;1,4237916;0,154
2,68467875173176;1,4322775;0,155
2,70199925980745;1,4407536;0,156
2,71931976788314;1,4492199;0,157
2,73664027595883;1,4576764;0,158
2,75396078403452;1,4661231;0,159
2,77128129211021;1,47456;0,16
2,78860180018589;1,4829871;0,161
2,80592230826158;1,4914044;0,162
2,82324281633727;1,4998119;0,163
2,84056332441296;1,5082096;0,164
2,85788383248865;1,5165975;0,165
2,87520434056434;1,5249756;0,166
2,89252484864003;1,5333439;0,167
2,90984535671572;1,5417024;0,168
2,92716586479141;1,5500511;0,169
2,94448637286709;1,55839;0,17
2,96180688094278;1,5667191;0,171
2,97912738901847;1,5750384;0,172
2,99644789709416;1,5833479;0,173
3,01376840516985;1,5916476;0,174
3,03108891324554;1,5999375;0,175
3,04840942132123;1,6082176;0,176
3,06572992939692;1,6164879;0,177
3,0830504374726;1,6247484;0,178
3,10037094554829;1,6329991;0,179
3,11769145362398;1,64124;0,18
3,13501196169967;1,6494711;0,181
3,15233246977536;1,6576924;0,182
3,16965297785105;1,6659039;0,183
3,18697348592674;1,6741056;0,184
3,20429399400243;1,6822975;0,185
3,22161450207811;1,6904796;0,186
3,2389350101538;1,6986519;0,187
3,25625551822949;1,7068144;0,188
3,27357602630518;1,7149671;0,189
3,29089653438087;1,72311;0,19
3,30821704245656;1,7312431;0,191
3,32553755053225;1,7393664;0,192
3,34285805860794;1,7474799;0,193
3,36017856668362;1,7555836;0,194
3,37749907475931;1,7636775;0,195
3,394819582835;1,7717616;0,196
3,41214009091069;1,7798359;0,197
3,42946059898638;1,7879004;0,198
3,44678110706207;1,7959551;0,199
3,46410161513776;1,804;0,2
3,48142212321345;1,8120351;0,201
3,49874263128914;1,8200604;0,202
3,51606313936482;1,8280759;0,203
3,53338364744051;1,8360816;0,204
3,5507041555162;1,8440775;0,205
3,56802466359189;1,8520636;0,206
3,58534517166758;1,8600399;0,207
3,60266567974327;1,8680064;0,208
3,61998618781896;1,8759631;0,209
3,63730669589465;1,88391;0,21
3,65462720397033;1,8918471;0,211
3,67194771204602;1,8997744;0,212
3,68926822012171;1,9076919;0,213
3,7065887281974;1,9155996;0,214
3,72390923627309;1,9234975;0,215
3,74122974434878;1,9313856;0,216
3,75855025242447;1,9392639;0,217
3,77587076050016;1,9471324;0,218
3,79319126857584;1,9549911;0,219
3,81051177665153;1,96284;0,22
3,82783228472722;1,9706791;0,221
3,84515279280291;1,9785084;0,222
3,8624733008786;1,9863279;0,223
3,87979380895429;1,9941376;0,224
3,89711431702998;2,0019375;0,225
3,91443482510567;2,0097276;0,226
3,93175533318136;2,0175079;0,227
3,94907584125704;2,0252784;0,228
3,96639634933273;2,0330391;0,229
3,98371685740842;2,04079;0,23
4,00103736548411;2,0485311;0,231
4,0183578735598;2,0562624;0,232
4,03567838163549;2,0639839;0,233
4,05299888971118;2,0716956;0,234
4,07031939778687;2,0793975;0,235
4,08763990586255;2,0870896;0,236
4,10496041393824;2,0947719;0,237
4,12228092201393;2,1024444;0,238
4,13960143008962;2,1101071;0,239
4,15692193816531;2,11776;0,24
4,174242446241;2,1254031;0,241
4,19156295431669;2,1330364;0,242
4,20888346239238;2,1406599;0,243
4,22620397046806;2,1482736;0,244
4,24352447854375;2,1558775;0,245
4,26084498661944;2,1634716;0,246
4,27816549469513;2,1710559;0,247
4,29548600277082;2,1786304;0,248
4,31280651084651;2,1861951;0,249
4,3301270189222;2,19375;0,25
4,34744752699789;2,2012951;0,251
4,36476803507357;2,2088304;0,252
4,38208854314926;2,2163559;0,253
4,39940905122495;2,2238716;0,254
4,41672955930064;2,2313775;0,255
4,43405006737633;2,2388736;0,256
4,45137057545202;2,2463599;0,257
4,46869108352771;2,2538364;0,258
4,4860115916034;2,2613031;0,259
4,50333209967909;2,26876;0,26
4,52065260775477;2,2762071;0,261
4,53797311583046;2,2836444;0,262
4,55529362390615;2,2910719;0,263
4,57261413198184;2,2984896;0,264
4,58993464005753;2,3058975;0,265
4,60725514813322;2,3132956;0,266
4,62457565620891;2,3206839;0,267
4,6418961642846;2,3280624;0,268
4,65921667236028;2,3354311;0,269
4,67653718043597;2,34279;0,27
4,69385768851166;2,3501391;0,271
4,71117819658735;2,3574784;0,272
4,72849870466304;2,3648079;0,273
4,74581921273873;2,3721276;0,274
4,76313972081442;2,3794375;0,275
4,78046022889011;2,3867376;0,276
4,79778073696579;2,3940279;0,277
4,81510124504148;2,4013084;0,278
4,83242175311717;2,4085791;0,279
4,84974226119286;2,41584;0,28
4,86706276926855;2,4230911;0,281
4,88438327734424;2,4303324;0,282
4,90170378541993;2,4375639;0,283
4,91902429349562;2,4447856;0,284
4,9363448015713;2,4519975;0,285
4,95366530964699;2,4591996;0,286
4,97098581772268;2,4663919;0,287
4,98830632579837;2,4735744;0,288
5,00562683387406;2,4807471;0,289
5,02294734194975;2,48791;0,29
5,04026785002544;2,4950631;0,291
5,05758835810113;2,5022064;0,292
5,07490886617681;2,5093399;0,293
5,0922293742525;2,5164636;0,294
5,10954988232819;2,5235775;0,295
5,12687039040388;2,5306816;0,296
5,14419089847957;2,5377759;0,297
5,16151140655526;2,5448604;0,298
5,17883191463095;2,5519351;0,299
5,19615242270664;2,559;0,3
5,21347293078232;2,5660551;0,301
5,23079343885801;2,5731004;0,302
5,2481139469337;2,5801359;0,303
5,26543445500939;2,5871616;0,304
5,28275496308508;2,5941775;0,305
5,30007547116077;2,6011836;0,306
5,31739597923646;2,6081799;0,307
5,33471648731215;2,6151664;0,308
5,35203699538784;2,6221431;0,309
5,36935750346352;2,62911;0,31
5,38667801153921;2,6360671;0,311
5,4039985196149;2,6430144;0,312
5,42131902769059;2,6499519;0,313
5,43863953576628;2,6568796;0,314
5,45596004384197;2,6637975;0,315
5,47328055191766;2,6707056;0,316
5,49060105999335;2,6776039;0,317
5,50792156806903;2,6844924;0,318
5,52524207614472;2,6913711;0,319
5,54256258422041;2,69824;0,32
5,5598830922961;2,7050991;0,321
5,57720360037179;2,7119484;0,322
5,59452410844748;2,7187879;0,323
5,61184461652317;2,7256176;0,324
5,62916512459886;2,7324375;0,325
5,64648563267455;2,7392476;0,326
5,66380614075023;2,7460479;0,327
5,68112664882592;2,7528384;0,328
5,69844715690161;2,7596191;0,329
5,7157676649773;2,76639;0,33
5,73308817305299;2,7731511;0,331
5,75040868112868;2,7799024;0,332
5,76772918920437;2,7866439;0,333
5,78504969728006;2,7933756;0,334
5,80237020535574;2,8000975;0,335
5,81969071343143;2,8068096;0,336
5,83701122150712;2,8135119;0,337
5,85433172958281;2,8202044;0,338
5,8716522376585;2,8268871;0,339
5,88897274573419;2,83356;0,34
5,90629325380988;2,8402231;0,341
5,92361376188557;2,8468764;0,342
5,94093426996125;2,8535199;0,343
5,95825477803694;2,8601536;0,344
5,97557528611263;2,8667775;0,345
5,99289579418832;2,8733916;0,346
6,01021630226401;2,8799959;0,347
6,0275368103397;2,8865904;0,348
6,04485731841539;2,8931751;0,349
6,06217782649108;2,89975;0,35
6,07949833456676;2,9063151;0,351
6,09681884264245;2,9128704;0,352
6,11413935071814;2,9194159;0,353
6,13145985879383;2,9259516;0,354
6,14878036686952;2,9324775;0,355
6,16610087494521;2,9389936;0,356
6,1834213830209;2,9454999;0,357
6,20074189109659;2,9519964;0,358
6,21806239917227;2,9584831;0,359
6,23538290724796;2,96496;0,36
6,25270341532365;2,9714271;0,361
6,27002392339934;2,9778844;0,362
6,28734443147503;2,9843319;0,363
6,30466493955072;2,9907696;0,364
6,32198544762641;2,9971975;0,365
6,3393059557021;3,0036156;0,366
6,35662646377779;3,0100239;0,367
6,37394697185347;3,0164224;0,368
6,39126747992916;3,0228111;0,369
6,40858798800485;3,02919;0,37
6,42590849608054;3,0355591;0,371
6,44322900415623;3,0419184;0,372
6,46054951223192;3,0482679;0,373
6,47787002030761;3,0546076;0,374
6,4951905283833;3,0609375;0,375
6,51251103645898;3,0672576;0,376
6,52983154453467;3,0735679;0,377
6,54715205261036;3,0798684;0,378
6,56447256068605;3,0861591;0,379
6,58179306876174;3,09244;0,38
6,59911357683743;3,0987111;0,381
6,61643408491312;3,1049724;0,382
6,63375459298881;3,1112239;0,383
6,65107510106449;3,1174656;0,384
6,66839560914018;3,1236975;0,385
6,68571611721587;3,1299196;0,386
6,70303662529156;3,1361319;0,387
6,72035713336725;3,1423344;0,388
6,73767764144294;3,1485271;0,389
6,75499814951863;3,15471;0,39
6,77231865759432;3,1608831;0,391
6,78963916567001;3,1670464;0,392
6,80695967374569;3,1731999;0,393
6,82428018182138;3,1793436;0,394
6,84160068989707;3,1854775;0,395
6,85892119797276;3,1916016;0,396
6,87624170604845;3,1977159;0,397
6,89356221412414;3,2038204;0,398
6,91088272219983;3,2099151;0,399
6,92820323027552;3,216;0,4
6,9455237383512;3,2220751;0,401
6,96284424642689;3,2281404;0,402
6,98016475450258;3,2341959;0,403
6,99748526257827;3,2402416;0,404
7,01480577065396;3,2462775;0,405
7,03212627872965;3,2523036;0,406
7,04944678680534;3,2583199;0,407
7,06676729488103;3,2643264;0,408
7,08408780295671;3,2703231;0,409
7,1014083110324;3,27631;0,41
7,11872881910809;3,2822871;0,411
7,13604932718378;3,2882544;0,412
7,15336983525947;3,2942119;0,413
7,17069034333516;3,3001596;0,414
7,18801085141085;3,3060975;0,415
7,20533135948654;3,3120256;0,416
7,22265186756222;3,3179439;0,417
7,23997237563791;3,3238524;0,418
7,2572928837136;3,3297511;0,419
7,27461339178929;3,33564;0,42
7,29193389986498;3,3415191;0,421
7,30925440794067;3,3473884;0,422
7,32657491601636;3,3532479;0,423
7,34389542409205;3,3590976;0,424
7,36121593216773;3,3649375;0,425
7,37853644024342;3,3707676;0,426
7,39585694831911;3,3765879;0,427
7,4131774563948;3,3823984;0,428
7,43049796447049;3,3881991;0,429
7,44781847254618;3,39399;0,43
7,46513898062187;3,3997711;0,431
7,48245948869756;3,4055424;0,432
7,49977999677325;3,4113039;0,433
7,51710050484893;3,4170556;0,434
7,53442101292462;3,4227975;0,435
7,55174152100031;3,4285296;0,436
7,569062029076;3,4342519;0,437
7,58638253715169;3,4399644;0,438
7,60370304522738;3,4456671;0,439
7,62102355330307;3,45136;0,44
7,63834406137876;3,4570431;0,441
7,65566456945444;3,4627164;0,442
7,67298507753013;3,4683799;0,443
7,69030558560582;3,4740336;0,444
7,70762609368151;3,4796775;0,445
7,7249466017572;3,4853116;0,446
7,74226710983289;3,4909359;0,447
7,75958761790858;3,4965504;0,448
7,77690812598427;3,5021551;0,449
7,79422863405995;3,50775;0,45
7,81154914213564;3,5133351;0,451
7,82886965021133;3,5189104;0,452
7,84619015828702;3,5244759;0,453000000000001
7,86351066636271;3,5300316;0,454
7,8808311744384;3,5355775;0,455
7,89815168251409;3,5411136;0,456
7,91547219058978;3,5466399;0,457
7,93279269866547;3,5521564;0,458
7,95011320674115;3,5576631;0,459
7,96743371481684;3,56316;0,46
7,98475422289253;3,5686471;0,461
8,00207473096822;3,5741244;0,462
8,01939523904391;3,5795919;0,463
8,0367157471196;3,5850496;0,464
8,05403625519529;3,5904975;0,465
8,07135676327098;3,5959356;0,466
8,08867727134667;3,6013639;0,467
8,10599777942235;3,6067824;0,468
8,12331828749804;3,6121911;0,469
8,14063879557373;3,61759;0,47
8,15795930364942;3,6229791;0,471
8,17527981172511;3,6283584;0,472
8,1926003198008;3,6337279;0,473
8,20992082787649;3,6390876;0,474
8,22724133595217;3,6444375;0,475
8,24456184402786;3,6497776;0,476
8,26188235210355;3,6551079;0,477
8,27920286017924;3,6604284;0,478
8,29652336825493;3,6657391;0,479
8,31384387633062;3,67104;0,48
8,33116438440631;3,6763311;0,481
8,348484892482;3,6816124;0,482
8,36580540055769;3,6868839;0,483
8,38312590863337;3,6921456;0,484
8,40044641670906;3,6973975;0,485
8,41776692478475;3,7026396;0,486
8,43508743286044;3,7078719;0,487
8,45240794093613;3,7130944;0,488
8,46972844901182;3,7183071;0,489
8,48704895708751;3,72351;0,49
8,5043694651632;3,7287031;0,491
8,52168997323888;3,7338864;0,492
8,53901048131457;3,7390599;0,493
8,55633098939026;3,7442236;0,494
8,57365149746595;3,7493775;0,495
8,59097200554164;3,7545216;0,496
8,60829251361733;3,7596559;0,497
8,62561302169302;3,7647804;0,498
8,6429335297687;3,7698951;0,499
8,66025403784439;3,775;0,5
8,67757454592008;3,7800951;0,501
8,69489505399577;3,7851804;0,502
8,71221556207146;3,7902559;0,503
8,72953607014715;3,7953216;0,504
8,74685657822284;3,8003775;0,505
8,76417708629853;3,8054236;0,506
8,78149759437421;3,8104599;0,507
8,7988181024499;3,8154864;0,508
8,81613861052559;3,8205031;0,509
8,83345911860128;3,82551;0,51
8,85077962667697;3,8305071;0,511
8,86810013475266;3,8354944;0,512
8,88542064282835;3,8404719;0,513
8,90274115090404;3,8454396;0,514
8,92006165897972;3,8503975;0,515
8,93738216705541;3,8553456;0,516
8,9547026751311;3,8602839;0,517
8,97202318320679;3,8652124;0,518
8,98934369128248;3,8701311;0,519
9,00666419935817;3,87504;0,52
9,02398470743386;3,8799391;0,521
9,04130521550955;3,8848284;0,522
9,05862572358524;3,8897079;0,523
9,07594623166092;3,8945776;0,524
9,09326673973661;3,8994375;0,525
9,1105872478123;3,9042876;0,526
9,12790775588799;3,9091279;0,527
9,14522826396368;3,9139584;0,528
9,16254877203937;3,9187791;0,529
9,17986928011506;3,92359;0,53
9,19718978819075;3,9283911;0,531
9,21451029626643;3,9331824;0,532
9,23183080434212;3,9379639;0,533
9,24915131241781;3,9427356;0,534
9,2664718204935;3,9474975;0,535
9,28379232856919;3,9522496;0,536
9,30111283664488;3,9569919;0,537
9,31843334472057;3,9617244;0,538
9,33575385279626;3,9664471;0,539
9,35307436087195;3,97116;0,54
9,37039486894763;3,9758631;0,541
9,38771537702332;3,9805564;0,542
9,40503588509901;3,9852399;0,543
9,4223563931747;3,9899136;0,544
9,43967690125039;3,9945775;0,545
9,45699740932608;3,9992316;0,546
9,47431791740177;4,0038759;0,547
9,49163842547745;4,0085104;0,548
9,50895893355314;4,0131351;0,549
9,52627944162883;4,01775;0,55
9,54359994970452;4,0223551;0,551
9,56092045778021;4,0269504;0,552
9,5782409658559;4,0315359;0,553
9,59556147393159;4,0361116;0,554
9,61288198200728;4,0406775;0,555
9,63020249008297;4,0452336;0,556
9,64752299815866;4,0497799;0,557
9,66484350623434;4,0543164;0,558
9,68216401431003;4,0588431;0,559
9,69948452238572;4,06336;0,56
9,71680503046141;4,0678671;0,561
9,7341255385371;4,0723644;0,562
9,75144604661279;4,0768519;0,563
9,76876655468848;4,0813296;0,564
9,78608706276416;4,0857975;0,565
9,80340757083985;4,0902556;0,566
9,82072807891554;4,0947039;0,567
9,83804858699123;4,0991424;0,568
9,85536909506692;4,1035711;0,569
9,87268960314261;4,10799;0,57
9,8900101112183;4,1123991;0,571
9,90733061929399;4,1167984;0,572
9,92465112736968;4,1211879;0,573
9,94197163544536;4,1255676;0,574
9,95929214352105;4,1299375;0,575
9,97661265159674;4,1342976;0,576
9,99393315967243;4,1386479;0,577
10,0112536677481;4,1429884;0,578
10,0285741758238;4,1473191;0,579
10,0458946838995;4,15164;0,58
10,0632151919752;4,1559511;0,581
10,0805357000509;4,1602524;0,582
10,0978562081266;4,1645439;0,583
10,1151767162023;4,1688256;0,584
10,1324972242779;4,1730975;0,585
10,1498177323536;4,1773596;0,586
10,1671382404293;4,1816119;0,587
10,184458748505;4,1858544;0,588
10,2017792565807;4,1900871;0,589
10,2190997646564;4,19431;0,59
10,2364202727321;4,1985231;0,591
10,2537407808078;4,2027264;0,592
10,2710612888835;4,2069199;0,593
10,2883817969591;4,2111036;0,594
10,3057023050348;4,2152775;0,595
10,3230228131105;4,2194416;0,596
10,3403433211862;4,2235959;0,597
10,3576638292619;4,2277404;0,598
10,3749843373376;4,2318751;0,599
10,3923048454133;4,236;0,6
10,409625353489;4,2401151;0,601
10,4269458615647;4,2442204;0,602
10,4442663696403;4,2483159;0,603
10,461586877716;4,2524016;0,604
10,4789073857917;4,2564775;0,605
10,4962278938674;4,2605436;0,606
10,5135484019431;4,2645999;0,607
10,5308689100188;4,2686464;0,608
10,5481894180945;4,2726831;0,609
10,5655099261702;4,27671;0,61
10,5828304342459;4,2807271;0,611
10,6001509423215;4,2847344;0,612
10,6174714503972;4,2887319;0,613
10,6347919584729;4,2927196;0,614
10,6521124665486;4,2966975;0,615
10,6694329746243;4,3006656;0,616
10,6867534827;4,3046239;0,617
10,7040739907757;4,3085724;0,618
10,7213944988514;4,3125111;0,619
10,738715006927;4,31644;0,62
10,7560355150027;4,3203591;0,621
10,7733560230784;4,3242684;0,622
10,7906765311541;4,3281679;0,623
10,8079970392298;4,3320576;0,624
10,8253175473055;4,3359375;0,625
10,8426380553812;4,3398076;0,626
10,8599585634569;4,3436679;0,627
10,8772790715326;4,3475184;0,628
10,8945995796082;4,3513591;0,629
10,9119200876839;4,35519;0,63
10,9292405957596;4,3590111;0,631
10,9465611038353;4,3628224;0,632
10,963881611911;4,3666239;0,633
10,9812021199867;4,3704156;0,634
10,9985226280624;4,3741975;0,635
11,0158431361381;4,3779696;0,636
11,0331636442138;4,3817319;0,637
11,0504841522894;4,3854844;0,638
11,0678046603651;4,3892271;0,639
11,0851251684408;4,39296;0,64
11,1024456765165;4,3966831;0,641
11,1197661845922;4,4003964;0,642
11,1370866926679;4,4040999;0,643
11,1544072007436;4,4077936;0,644
11,1717277088193;4,4114775;0,645
11,189048216895;4,4151516;0,646
11,2063687249706;4,4188159;0,647
11,2236892330463;4,4224704;0,648
11,241009741122;4,4261151;0,649
11,2583302491977;4,42975;0,65
11,2756507572734;4,4333751;0,651
11,2929712653491;4,4369904;0,652
11,3102917734248;4,4405959;0,653000000000001
11,3276122815005;4,4441916;0,654
11,3449327895762;4,4477775;0,655
11,3622532976518;4,4513536;0,656
11,3795738057275;4,4549199;0,657000000000001
11,3968943138032;4,4584764;0,658
11,4142148218789;4,4620231;0,659
11,4315353299546;4,46556;0,66
11,4488558380303;4,4690871;0,661000000000001
11,466176346106;4,4726044;0,662
11,4834968541817;4,4761119;0,663
11,5008173622574;4,4796096;0,664
11,518137870333;4,4830975;0,665000000000001
11,5354583784087;4,4865756;0,666
11,5527788864844;4,4900439;0,667
11,5700993945601;4,4935024;0,668
11,5874199026358;4,4969511;0,669000000000001
11,6047404107115;4,50039;0,67
11,6220609187872;4,5038191;0,671
11,6393814268629;4,5072384;0,672
11,6567019349386;4,5106479;0,673000000000001
11,6740224430142;4,5140476;0,674
11,6913429510899;4,5174375;0,675
11,7086634591656;4,5208176;0,676
11,7259839672413;4,5241879;0,677000000000001
11,743304475317;4,5275484;0,678000000000001
11,7606249833927;4,5308991;0,679
11,7779454914684;4,53424;0,68
11,7952659995441;4,5375711;0,681000000000001
11,8125865076198;4,5408924;0,682000000000001
11,8299070156954;4,5442039;0,683
11,8472275237711;4,5475056;0,684
11,8645480318468;4,5507975;0,685000000000001
11,8818685399225;4,5540796;0,686000000000001
11,8991890479982;4,5573519;0,687
11,9165095560739;4,5606144;0,688
11,9338300641496;4,5638671;0,689000000000001
11,9511505722253;4,56711;0,690000000000001
11,968471080301;4,5703431;0,691
11,9857915883766;4,5735664;0,692
12,0031120964523;4,5767799;0,693000000000001
12,020432604528;4,5799836;0,694000000000001
12,0377531126037;4,5831775;0,695
12,0550736206794;4,5863616;0,696
12,0723941287551;4,5895359;0,697000000000001
12,0897146368308;4,5927004;0,698000000000001
12,1070351449065;4,5958551;0,699
12,1243556529822;4,599;0,7
12,1416761610578;4,6021351;0,701000000000001
12,1589966691335;4,6052604;0,702000000000001
12,1763171772092;4,6083759;0,703000000000001
12,1936376852849;4,6114816;0,704
12,2109581933606;4,6145775;0,705000000000001
12,2282787014363;4,6176636;0,706000000000001
12,245599209512;4,6207399;0,707000000000001
12,2629197175877;4,6238064;0,708
12,2802402256634;4,6268631;0,709000000000001
12,297560733739;4,62991;0,710000000000001
12,3148812418147;4,6329471;0,711000000000001
12,3322017498904;4,6359744;0,712
12,3495222579661;4,6389919;0,713000000000001
12,3668427660418;4,6419996;0,714000000000001
12,3841632741175;4,6449975;0,715000000000001
12,4014837821932;4,6479856;0,716
12,4188042902689;4,6509639;0,717000000000001
12,4361247983446;4,6539324;0,718000000000001
12,4534453064202;4,6568911;0,719000000000001
12,4707658144959;4,65984;0,72
12,4880863225716;4,6627791;0,721000000000001
12,5054068306473;4,6657084;0,722000000000001
12,522727338723;4,6686279;0,723000000000001
12,5400478467987;4,6715376;0,724
12,5573683548744;4,6744375;0,725000000000001
12,5746888629501;4,6773276;0,726000000000001
12,5920093710257;4,6802079;0,727000000000001
12,6093298791014;4,6830784;0,728000000000001
12,6266503871771;4,6859391;0,729000000000001
12,6439708952528;4,68879;0,730000000000001
12,6612914033285;4,6916311;0,731000000000001
12,6786119114042;4,6944624;0,732000000000001
12,6959324194799;4,6972839;0,733000000000001
12,7132529275556;4,7000956;0,734
12,7305734356313;4,7028975;0,735
12,7478939437069;4,7056896;0,736
12,7652144517826;4,7084719;0,737
12,7825349598583;4,7112444;0,738
12,799855467934;4,7140071;0,739
12,8171759760097;4,71676;0,74
12,8344964840854;4,7195031;0,741
12,8518169921611;4,7222364;0,742
12,8691375002368;4,7249599;0,743
12,8864580083125;4,7276736;0,744
12,9037785163881;4,7303775;0,745000000000001
12,9210990244638;4,7330716;0,746000000000001
12,9384195325395;4,7357559;0,747000000000001
12,9557400406152;4,7384304;0,748000000000001
12,9730605486909;4,7410951;0,749000000000001
12,9903810567666;4,74375;0,750000000000001
13,0077015648423;4,7463951;0,751000000000001
13,025022072918;4,7490304;0,752000000000001
13,0423425809937;4,7516559;0,753000000000001
13,0596630890693;4,7542716;0,754000000000001
13,076983597145;4,7568775;0,755000000000001
13,0943041052207;4,7594736;0,756000000000001
13,1116246132964;4,7620599;0,757000000000001
13,1289451213721;4,7646364;0,758000000000001
13,1462656294478;4,7672031;0,759000000000001
13,1635861375235;4,76976;0,760000000000001
13,1809066455992;4,7723071;0,761000000000001
13,1982271536749;4,7748444;0,762000000000001
13,2155476617505;4,7773719;0,763000000000001
13,2328681698262;4,7798896;0,764000000000001
13,2501886779019;4,7823975;0,765000000000001
13,2675091859776;4,7848956;0,766000000000001
13,2848296940533;4,7873839;0,767000000000001
13,302150202129;4,7898624;0,768000000000001
13,3194707102047;4,7923311;0,769000000000001
13,3367912182804;4,79479;0,770000000000001
13,3541117263561;4,7972391;0,771000000000001
13,3714322344317;4,7996784;0,772000000000001
13,3887527425074;4,8021079;0,773000000000001
13,4060732505831;4,8045276;0,774000000000001
13,4233937586588;4,8069375;0,775000000000001
13,4407142667345;4,8093376;0,776000000000001
13,4580347748102;4,8117279;0,777000000000001
13,4753552828859;4,8141084;0,778000000000001
13,4926757909616;4,8164791;0,779000000000001
13,5099962990373;4,81884;0,780000000000001
13,5273168071129;4,8211911;0,781000000000001
13,5446373151886;4,8235324;0,782000000000001
13,5619578232643;4,8258639;0,783000000000001
13,57927833134;4,8281856;0,784000000000001
13,5965988394157;4,8304975;0,785000000000001
13,6139193474914;4,8327996;0,786000000000001
13,6312398555671;4,8350919;0,787000000000001
13,6485603636428;4,8373744;0,788000000000001
13,6658808717185;4,8396471;0,789000000000001
13,6832013797941;4,84191;0,790000000000001
13,7005218878698;4,8441631;0,791000000000001
13,7178423959455;4,8464064;0,792000000000001
13,7351629040212;4,8486399;0,793000000000001
13,7524834120969;4,8508636;0,794000000000001
13,7698039201726;4,8530775;0,795000000000001
13,7871244282483;4,8552816;0,796000000000001
13,804444936324;4,8574759;0,797000000000001
13,8217654443997;4,8596604;0,798000000000001
13,8390859524753;4,8618351;0,799000000000001
13,856406460551;4,864;0,800000000000001
13,8737269686267;4,8661551;0,801000000000001
13,8910474767024;4,8683004;0,802000000000001
13,9083679847781;4,8704359;0,803000000000001
13,9256884928538;4,8725616;0,804000000000001
13,9430090009295;4,8746775;0,805000000000001
13,9603295090052;4,8767836;0,806000000000001
13,9776500170809;4,8788799;0,807000000000001
13,9949705251565;4,8809664;0,808000000000001
14,0122910332322;4,8830431;0,809000000000001
14,0296115413079;4,88511;0,810000000000001
14,0469320493836;4,8871671;0,811000000000001
14,0642525574593;4,8892144;0,812000000000001
14,081573065535;4,8912519;0,813000000000001
14,0988935736107;4,8932796;0,814000000000001
14,1162140816864;4,8952975;0,815000000000001
14,133534589762;4,8973056;0,816000000000001
14,1508550978377;4,8993039;0,817000000000001
14,1681756059134;4,9012924;0,818000000000001
14,1854961139891;4,9032711;0,819000000000001
14,2028166220648;4,90524;0,820000000000001
14,2201371301405;4,9071991;0,821000000000001
14,2374576382162;4,9091484;0,822000000000001
14,2547781462919;4,9110879;0,823000000000001
14,2720986543676;4,9130176;0,824000000000001
14,2894191624433;4,9149375;0,825000000000001
14,3067396705189;4,9168476;0,826000000000001
14,3240601785946;4,9187479;0,827000000000001
14,3413806866703;4,9206384;0,828000000000001
14,358701194746;4,9225191;0,829000000000001
14,3760217028217;4,92439;0,830000000000001
14,3933422108974;4,9262511;0,831000000000001
14,4106627189731;4,9281024;0,832000000000001
14,4279832270488;4,9299439;0,833000000000001
14,4453037351244;4,9317756;0,834000000000001
14,4626242432001;4,9335975;0,835000000000001
14,4799447512758;4,9354096;0,836000000000001
14,4972652593515;4,9372119;0,837000000000001
14,5145857674272;4,9390044;0,838000000000001
14,5319062755029;4,9407871;0,839000000000001
14,5492267835786;4,94256;0,840000000000001
14,5665472916543;4,9443231;0,841000000000001
14,58386779973;4,9460764;0,842000000000001
14,6011883078056;4,9478199;0,843000000000001
14,6185088158813;4,9495536;0,844000000000001
14,635829323957;4,9512775;0,845
14,6531498320327;4,9529916;0,846
14,6704703401084;4,9546959;0,847
14,6877908481841;4,9563904;0,848
14,7051113562598;4,9580751;0,849000000000001
14,7224318643355;4,95975;0,850000000000001
14,7397523724112;4,9614151;0,851000000000001
14,7570728804868;4,9630704;0,852000000000001
14,7743933885625;4,9647159;0,853000000000001
14,7917138966382;4,9663516;0,854
14,8090344047139;4,9679775;0,855
14,8263549127896;4,9695936;0,856
14,8436754208653;4,9711999;0,857000000000001
14,860995928941;4,9727964;0,858000000000001
14,8783164370167;4,9743831;0,859000000000001
14,8956369450924;4,97596;0,860000000000001
14,912957453168;4,9775271;0,861000000000001
14,9302779612437;4,9790844;0,862000000000001
14,9475984693194;4,9806319;0,863000000000001
14,9649189773951;4,9821696;0,864000000000001
14,9822394854708;4,9836975;0,865000000000001
14,9995599935465;4,9852156;0,866000000000001
15,0168805016222;4,9867239;0,867000000000001
15,0342010096979;4,9882224;0,868000000000001
15,0515215177736;4,9897111;0,869000000000001
15,0688420258492;4,99119;0,870000000000001
15,0861625339249;4,9926591;0,871000000000001
15,1034830420006;4,9941184;0,872000000000001
15,1208035500763;4,9955679;0,873000000000001
15,138124058152;4,9970076;0,874000000000001
15,1554445662277;4,9984375;0,875000000000001
15,1727650743034;4,9998576;0,876000000000001
15,1900855823791;5,0012679;0,877000000000001
15,2074060904548;5,0026684;0,878000000000001
15,2247265985304;5,0040591;0,879000000000001
15,2420471066061;5,00544;0,880000000000001
15,2593676146818;5,0068111;0,881000000000001
15,2766881227575;5,0081724;0,882000000000001
15,2940086308332;5,0095239;0,883000000000001
15,3113291389089;5,0108656;0,884000000000001
15,3286496469846;5,0121975;0,885000000000001
15,3459701550603;5,0135196;0,886000000000001
15,363290663136;5,0148319;0,887000000000001
15,3806111712116;5,0161344;0,888000000000001
15,3979316792873;5,0174271;0,889000000000001
15,415252187363;5,01871;0,890000000000001
15,4325726954387;5,0199831;0,891000000000001
15,4498932035144;5,0212464;0,892000000000001
15,4672137115901;5,0224999;0,893000000000001
15,4845342196658;5,0237436;0,894000000000001
15,5018547277415;5,0249775;0,895000000000001
15,5191752358172;5,0262016;0,896000000000001
15,5364957438928;5,0274159;0,897000000000001
15,5538162519685;5,0286204;0,898000000000001
15,5711367600442;5,0298151;0,899000000000001
15,5884572681199;5,031;0,900000000000001
15,6057777761956;5,0321751;0,901000000000001
15,6230982842713;5,0333404;0,902000000000001
15,640418792347;5,0344959;0,903000000000001
15,6577393004227;5,0356416;0,904000000000001
15,6750598084984;5,0367775;0,905000000000001
15,692380316574;5,0379036;0,906000000000001
15,7097008246497;5,0390199;0,907000000000001
15,7270213327254;5,0401264;0,908000000000001
15,7443418408011;5,0412231;0,909000000000001
15,7616623488768;5,04231;0,910000000000001
15,7789828569525;5,0433871;0,911000000000001
15,7963033650282;5,0444544;0,912000000000001
15,8136238731039;5,0455119;0,913000000000001
15,8309443811796;5,0465596;0,914000000000001
15,8482648892552;5,0475975;0,915000000000001
15,8655853973309;5,0486256;0,916000000000001
15,8829059054066;5,0496439;0,917000000000001
15,9002264134823;5,0506524;0,918000000000001
15,917546921558;5,0516511;0,919000000000001
15,9348674296337;5,05264;0,920000000000001
15,9521879377094;5,0536191;0,921000000000001
15,9695084457851;5,0545884;0,922000000000001
15,9868289538608;5,0555479;0,923000000000001
16,0041494619364;5,0564976;0,924000000000001
16,0214699700121;5,0574375;0,925000000000001
16,0387904780878;5,0583676;0,926000000000001
16,0561109861635;5,0592879;0,927000000000001
16,0734314942392;5,0601984;0,928000000000001
16,0907520023149;5,0610991;0,929000000000001
16,1080725103906;5,06199;0,930000000000001
16,1253930184663;5,0628711;0,931000000000001
16,142713526542;5,0637424;0,932000000000001
16,1600340346176;5,0646039;0,933000000000001
16,1773545426933;5,0654556;0,934000000000001
16,194675050769;5,0662975;0,935000000000001
16,2119955588447;5,0671296;0,936000000000001
16,2293160669204;5,0679519;0,937000000000001
16,2466365749961;5,0687644;0,938000000000001
16,2639570830718;5,0695671;0,939000000000001
16,2812775911475;5,07036;0,940000000000001
16,2985980992232;5,0711431;0,941000000000001
16,3159186072988;5,0719164;0,942000000000001
16,3332391153745;5,0726799;0,943000000000001
16,3505596234502;5,0734336;0,944000000000001
16,3678801315259;5,0741775;0,945000000000001
16,3852006396016;5,0749116;0,946000000000001
16,4025211476773;5,0756359;0,947000000000001
16,419841655753;5,0763504;0,948000000000001
16,4371621638287;5,0770551;0,949000000000001
16,4544826719043;5,07775;0,950000000000001
16,47180317998;5,0784351;0,951000000000001
16,4891236880557;5,0791104;0,952000000000001
16,5064441961314;5,0797759;0,953000000000001
16,5237647042071;5,0804316;0,954000000000001
16,5410852122828;5,0810775;0,955000000000001
16,5584057203585;5,0817136;0,956000000000001
16,5757262284342;5,0823399;0,957000000000001
16,5930467365099;5,0829564;0,958000000000001
16,6103672445855;5,0835631;0,959000000000001
16,6276877526612;5,08416;0,960000000000001
16,6450082607369;5,0847471;0,961000000000001
16,6623287688126;5,0853244;0,962000000000001
16,6796492768883;5,0858919;0,963000000000001
16,696969784964;5,0864496;0,964000000000001
16,7142902930397;5,0869975;0,965000000000001
16,7316108011154;5,0875356;0,966000000000001
16,7489313091911;5,0880639;0,967000000000001
16,7662518172667;5,0885824;0,968000000000001
16,7835723253424;5,0890911;0,969000000000001
16,8008928334181;5,08959;0,970000000000001
16,8182133414938;5,0900791;0,971000000000001
16,8355338495695;5,0905584;0,972000000000001
16,8528543576452;5,0910279;0,973000000000001
16,8701748657209;5,0914876;0,974000000000001
16,8874953737966;5,0919375;0,975000000000001
16,9048158818723;5,0923776;0,976000000000001
16,9221363899479;5,0928079;0,977000000000001
16,9394568980236;5,0932284;0,978000000000001
16,9567774060993;5,0936391;0,979000000000001
16,974097914175;5,09404;0,980000000000001
16,9914184222507;5,0944311;0,981000000000001
17,0087389303264;5,0948124;0,982000000000001
17,0260594384021;5,0951839;0,983000000000001
17,0433799464778;5,0955456;0,984000000000001
17,0607004545535;5,0958975;0,985000000000001
17,0780209626291;5,0962396;0,986000000000001
17,0953414707048;5,0965719;0,987000000000001
17,1126619787805;5,0968944;0,988000000000001
17,1299824868562;5,0972071;0,989000000000001
17,1473029949319;5,09751;0,990000000000001
17,1646235030076;5,0978031;0,991000000000001
17,1819440110833;5,0980864;0,992000000000001
17,199264519159;5,0983599;0,993000000000001
17,2165850272347;5,0986236;0,994000000000001
17,2339055353103;5,0988775;0,995000000000001
17,251226043386;5,0991216;0,996000000000001
17,2685465514617;5,0993559;0,997000000000001
17,2858670595374;5,0995804;0,998000000000001
17,3031875676131;5,0997951;0,999000000000001
17,3205080756888;5,1;1
17,3378285837645;5,1001951;1,001
17,3551490918402;5,1003804;1,002
17,3724695999158;5,1005559;1,003
17,3897901079915;5,1007216;1,004
17,4071106160672;5,1008775;1,005
17,4244311241429;5,1010236;1,006
17,4417516322186;5,1011599;1,007
17,4590721402943;5,1012864;1,008
17,47639264837;5,1014031;1,009
17,4937131564457;5,10151;1,01
17,5110336645213;5,1016071;1,011
17,528354172597;5,1016944;1,012
17,5456746806727;5,1017719;1,013
17,5629951887484;5,1018396;1,014
17,5803156968241;5,1018975;1,015
17,5976362048998;5,1019456;1,016
17,6149567129755;5,1019839;1,017
17,6322772210512;5,1020124;1,018
17,6495977291268;5,1020311;1,019
17,6669182372025;5,10204;1,02
17,6842387452782;5,1020391;1,021
17,7015592533539;5,1020284;1,022
17,7188797614296;5,1020079;1,023
17,7362002695053;5,1019776;1,024
17,753520777581;5,1019375;1,025
17,7708412856566;5,1018876;1,026
17,7881617937323;5,1018279;1,027
17,805482301808;5,1017584;1,028
17,8228028098837;5,1016791;1,029
17,8401233179594;5,10159;1,03
17,8574438260351;5,1014911;1,031
17,8747643341108;5,1013824;1,032
17,8920848421865;5,1012639;1,033
17,9094053502621;5,1011356;1,034
17,9267258583378;5,1009975;1,035
17,9440463664135;5,1008496;1,036
17,9613668744892;5,1006919;1,037
17,9786873825649;5,1005244;1,038
17,9960078906406;5,1003471;1,039
18,0133283987163;5,10016;1,04
18,0306489067919;5,0999631;1,041
18,0479694148676;5,0997564;1,042
18,0652899229433;5,0995399;1,043
18,082610431019;5,0993136;1,044
18,0999309390947;5,0990775;1,045
18,1172514471704;5,0988316;1,046
18,1345719552461;5,0985759;1,047
18,1518924633218;5,0983104;1,048
18,1692129713974;5,0980351;1,049
18,1865334794731;5,09775;1,05
18,2038539875488;5,0974551;1,051
18,2211744956245;5,0971504;1,052
18,2384950037002;5,0968359;1,05299999999999
18,2558155117759;5,0965116;1,05399999999999
18,2731360198516;5,0961775;1,05499999999999
18,2904565279273;5,0958336;1,05599999999999
18,3077770360029;5,0954799;1,05699999999999
18,3250975440786;5,0951164;1,05799999999999
18,3424180521543;5,0947431;1,05899999999999
18,35973856023;5,09436;1,05999999999999
18,3770590683057;5,0939671;1,06099999999999
18,3943795763814;5,0935644;1,06199999999999
18,4117000844571;5,0931519;1,06299999999999
18,4290205925327;5,0927296;1,06399999999999
18,4463411006084;5,0922975;1,06499999999999
18,4636616086841;5,0918556;1,06599999999999
18,4809821167598;5,0914039;1,06699999999999
18,4983026248355;5,0909424;1,06799999999999
18,5156231329112;5,0904711;1,06899999999999
18,5329436409869;5,08999;1,06999999999999
18,5502641490626;5,0894991;1,07099999999999
18,5675846571382;5,0889984;1,07199999999999
18,5849051652139;5,0884879;1,07299999999999
18,6022256732896;5,0879676;1,07399999999999
18,6195461813653;5,0874375;1,07499999999999
18,636866689441;5,0868976;1,07599999999999
18,6541871975167;5,0863479;1,07699999999999
18,6715077055924;5,0857884;1,07799999999999
18,6888282136681;5,0852191;1,07899999999999
18,7061487217437;5,08464;1,07999999999999
18,7234692298194;5,0840511;1,08099999999999
18,7407897378951;5,0834524;1,08199999999999
18,7581102459708;5,0828439;1,08299999999999
18,7754307540465;5,0822256;1,08399999999999
18,7927512621222;5,0815975;1,08499999999999
18,8100717701979;5,0809596;1,08599999999999
18,8273922782735;5,0803119;1,08699999999999
18,8447127863492;5,0796544;1,08799999999999
18,8620332944249;5,0789871;1,08899999999999
18,8793538025006;5,07831;1,08999999999999
18,8966743105763;5,0776231;1,09099999999999
18,913994818652;5,07692640000001;1,09199999999999
18,9313153267277;5,0762199;1,09299999999999
18,9486358348034;5,0755036;1,09399999999999
18,965956342879;5,07477750000001;1,09499999999999
18,9832768509547;5,07404160000001;1,09599999999999
19,0005973590304;5,07329590000001;1,09699999999999
19,0179178671061;5,07254040000001;1,09799999999999
19,0352383751818;5,07177510000001;1,09899999999999
19,0525588832575;5,07100000000001;1,09999999999999
19,0698793913332;5,07021510000001;1,10099999999999
19,0871998994088;5,06942040000001;1,10199999999999
19,1045204074845;5,06861590000001;1,10299999999999
19,1218409155602;5,06780160000001;1,10399999999999
19,1391614236359;5,06697750000001;1,10499999999999
19,1564819317116;5,06614360000001;1,10599999999999
19,1738024397873;5,06529990000001;1,10699999999999
19,191122947863;5,06444640000001;1,10799999999999
19,2084434559387;5,06358310000001;1,10899999999999
19,2257639640143;5,06271000000001;1,10999999999999
19,24308447209;5,06182710000001;1,11099999999999
19,2604049801657;5,06093440000001;1,11199999999999
19,2777254882414;5,06003190000001;1,11299999999999
19,2950459963171;5,05911960000001;1,11399999999999
19,3123665043928;5,05819750000001;1,11499999999999
19,3296870124685;5,05726560000001;1,11599999999999
19,3470075205442;5,05632390000001;1,11699999999999
19,3643280286198;5,05537240000001;1,11799999999999
19,3816485366955;5,05441110000001;1,11899999999999
19,3989690447712;5,05344000000001;1,11999999999999
19,4162895528469;5,05245910000001;1,12099999999999
19,4336100609226;5,05146840000001;1,12199999999999
19,4509305689983;5,05046790000001;1,12299999999999
19,468251077074;5,04945760000001;1,12399999999999
19,4855715851496;5,04843750000001;1,12499999999999
19,5028920932253;5,04740760000001;1,12599999999999
19,520212601301;5,04636790000001;1,12699999999999
19,5375331093767;5,04531840000001;1,12799999999999
19,5548536174524;5,04425910000001;1,12899999999999
19,5721741255281;5,04319000000001;1,12999999999999
19,5894946336038;5,04211110000001;1,13099999999999
19,6068151416795;5,04102240000001;1,13199999999999
19,6241356497551;5,03992390000001;1,13299999999999
19,6414561578308;5,03881560000001;1,13399999999999
19,6587766659065;5,03769750000001;1,13499999999999
19,6760971739822;5,03656960000001;1,13599999999999
19,6934176820579;5,03543190000001;1,13699999999999
19,7107381901336;5,03428440000002;1,13799999999999
19,7280586982093;5,03312710000001;1,13899999999999
19,7453792062849;5,03196000000002;1,13999999999999
19,7626997143606;5,03078310000002;1,14099999999999
19,7800202224363;5,02959640000002;1,14199999999999
19,797340730512;5,02839990000002;1,14299999999999
19,8146612385877;5,02719360000002;1,14399999999998
19,8319817466634;5,02597750000002;1,14499999999998
19,8493022547391;5,02475160000002;1,14599999999998
19,8666227628148;5,02351590000002;1,14699999999998
19,8839432708904;5,02227040000002;1,14799999999998
19,9012637789661;5,02101510000002;1,14899999999998
19,9185842870418;5,01975000000002;1,14999999999998
19,9359047951175;5,01847510000002;1,15099999999998
19,9532253031932;5,01719040000002;1,15199999999998
19,9705458112689;5,01589590000002;1,15299999999998
19,9878663193446;5,01459160000002;1,15399999999998
20,0051868274203;5,01327750000002;1,15499999999998
20,0225073354959;5,01195360000002;1,15599999999998
20,0398278435716;5,01061990000002;1,15699999999998
20,0571483516473;5,00927640000002;1,15799999999998
20,074468859723;5,00792310000002;1,15899999999998
20,0917893677987;5,00656000000002;1,15999999999998
20,1091098758744;5,00518710000002;1,16099999999998
20,1264303839501;5,00380440000002;1,16199999999998
20,1437508920257;5,00241190000002;1,16299999999998
20,1610714001014;5,00100960000002;1,16399999999998
20,1783919081771;4,99959750000002;1,16499999999998
20,1957124162528;4,99817560000002;1,16599999999998
20,2130329243285;4,99674390000002;1,16699999999998
20,2303534324042;4,99530240000002;1,16799999999998
20,2476739404799;4,99385110000002;1,16899999999998
20,2649944485556;4,99239000000002;1,16999999999998
20,2823149566312;4,99091910000002;1,17099999999998
20,2996354647069;4,98943840000003;1,17199999999998
20,3169559727826;4,98794790000003;1,17299999999998
20,3342764808583;4,98644760000003;1,17399999999998
20,351596988934;4,98493750000003;1,17499999999998
20,3689174970097;4,98341760000003;1,17599999999998
20,3862380050854;4,98188790000003;1,17699999999998
20,403558513161;4,98034840000003;1,17799999999998
20,4208790212367;4,97879910000003;1,17899999999998
20,4381995293124;4,97724000000003;1,17999999999998
20,4555200373881;4,97567110000003;1,18099999999998
20,4728405454638;4,97409240000003;1,18199999999998
20,4901610535395;4,97250390000003;1,18299999999998
20,5074815616152;4,97090560000003;1,18399999999998
20,5248020696909;4,96929750000003;1,18499999999998
20,5421225777665;4,96767960000003;1,18599999999998
20,5594430858422;4,96605190000003;1,18699999999998
20,5767635939179;4,96441440000003;1,18799999999998
20,5940841019936;4,96276710000003;1,18899999999998
20,6114046100693;4,96111000000003;1,18999999999998
20,628725118145;4,95944310000003;1,19099999999998
20,6460456262207;4,95776640000003;1,19199999999998
20,6633661342963;4,95607990000003;1,19299999999998
20,680686642372;4,95438360000003;1,19399999999998
20,6980071504477;4,95267750000003;1,19499999999998
20,7153276585234;4,95096160000003;1,19599999999998
20,7326481665991;4,94923590000003;1,19699999999998
20,7499686746748;4,94750040000004;1,19799999999998
20,7672891827505;4,94575510000003;1,19899999999998
20,7846096908262;4,94400000000004;1,19999999999998
20,8019301989018;4,94223510000004;1,20099999999998
20,8192507069775;4,94046040000004;1,20199999999998
20,8365712150532;4,93867590000004;1,20299999999998
20,8538917231289;4,93688160000004;1,20399999999998
20,8712122312046;4,93507750000004;1,20499999999998
20,8885327392803;4,93326360000004;1,20599999999998
20,905853247356;4,93143990000004;1,20699999999998
20,9231737554317;4,92960640000004;1,20799999999998
20,9404942635073;4,92776310000004;1,20899999999998
20,957814771583;4,92591000000004;1,20999999999998
20,9751352796587;4,92404710000004;1,21099999999998
20,9924557877344;4,92217440000004;1,21199999999998
21,0097762958101;4,92029190000004;1,21299999999998
21,0270968038858;4,91839960000004;1,21399999999998
21,0444173119615;4,91649750000004;1,21499999999998
21,0617378200371;4,91458560000004;1,21599999999998
21,0790583281128;4,91266390000004;1,21699999999998
21,0963788361885;4,91073240000004;1,21799999999998
21,1136993442642;4,90879110000004;1,21899999999998
21,1310198523399;4,90684000000004;1,21999999999998
21,1483403604156;4,90487910000004;1,22099999999998
21,1656608684913;4,90290840000005;1,22199999999998
21,182981376567;4,90092790000005;1,22299999999998
21,2003018846426;4,89893760000005;1,22399999999998
21,2176223927183;4,89693750000005;1,22499999999998
21,234942900794;4,89492760000005;1,22599999999998
21,2522634088697;4,89290790000005;1,22699999999998
21,2695839169454;4,89087840000005;1,22799999999998
21,2869044250211;4,88883910000005;1,22899999999998
21,3042249330968;4,88679000000005;1,22999999999998
21,3215454411725;4,88473110000005;1,23099999999998
21,3388659492481;4,88266240000005;1,23199999999998
21,3561864573238;4,88058390000005;1,23299999999998
21,3735069653995;4,87849560000005;1,23399999999998
21,3908274734752;4,87639750000005;1,23499999999997
21,4081479815509;4,87428960000005;1,23599999999997
21,4254684896266;4,87217190000005;1,23699999999997
21,4427889977023;4,87004440000005;1,23799999999997
21,4601095057779;4,86790710000005;1,23899999999997
21,4774300138536;4,86576000000005;1,23999999999997
21,4947505219293;4,86360310000005;1,24099999999997
21,512071030005;4,86143640000006;1,24199999999997
21,5293915380807;4,85925990000006;1,24299999999997
21,5467120461564;4,85707360000006;1,24399999999997
21,5640325542321;4,85487750000006;1,24499999999997
21,5813530623078;4,85267160000006;1,24599999999997
21,5986735703834;4,85045590000006;1,24699999999997
21,6159940784591;4,84823040000006;1,24799999999997
21,6333145865348;4,84599510000006;1,24899999999997
21,6506350946105;4,84375000000006;1,24999999999997
21,6679556026862;4,84149510000006;1,25099999999997
21,6852761107619;4,83923040000006;1,25199999999997
21,7025966188376;4,83695590000006;1,25299999999997
21,7199171269133;4,83467160000006;1,25399999999997
21,7372376349889;4,83237750000006;1,25499999999997
21,7545581430646;4,83007360000006;1,25599999999997
21,7718786511403;4,82775990000006;1,25699999999997
21,789199159216;4,82543640000006;1,25799999999997
21,8065196672917;4,82310310000006;1,25899999999997
21,8238401753674;4,82076000000006;1,25999999999997
21,8411606834431;4,81840710000006;1,26099999999997
21,8584811915187;4,81604440000006;1,26199999999997
21,8758016995944;4,81367190000006;1,26299999999997
21,8931222076701;4,81128960000006;1,26399999999997
21,9104427157458;4,80889750000007;1,26499999999997
21,9277632238215;4,80649560000007;1,26599999999997
21,9450837318972;4,80408390000007;1,26699999999997
21,9624042399729;4,80166240000007;1,26799999999997
21,9797247480486;4,79923110000007;1,26899999999997
21,9970452561242;4,79679000000007;1,26999999999997
22,0143657641999;4,79433910000007;1,27099999999997
22,0316862722756;4,79187840000007;1,27199999999997
22,0490067803513;4,78940790000007;1,27299999999997
22,066327288427;4,78692760000007;1,27399999999997
22,0836477965027;4,78443750000007;1,27499999999997
22,1009683045784;4,78193760000007;1,27599999999997
22,118288812654;4,77942790000007;1,27699999999997
22,1356093207297;4,77690840000007;1,27799999999997
22,1529298288054;4,77437910000007;1,27899999999997
22,1702503368811;4,77184000000007;1,27999999999997
22,1875708449568;4,76929110000008;1,28099999999997
22,2048913530325;4,76673240000008;1,28199999999997
22,2222118611082;4,76416390000008;1,28299999999997
22,2395323691839;4,76158560000008;1,28399999999997
22,2568528772595;4,75899750000008;1,28499999999997
22,2741733853352;4,75639960000008;1,28599999999997
22,2914938934109;4,75379190000008;1,28699999999997
22,3088144014866;4,75117440000008;1,28799999999997
22,3261349095623;4,74854710000008;1,28899999999997
22,343455417638;4,74591000000008;1,28999999999997
22,3607759257137;4,74326310000008;1,29099999999997
22,3780964337894;4,74060640000008;1,29199999999997
22,395416941865;4,73793990000008;1,29299999999997
22,4127374499407;4,73526360000008;1,29399999999997
22,4300579580164;4,73257750000008;1,29499999999997
22,4473784660921;4,72988160000008;1,29599999999997
22,4646989741678;4,72717590000008;1,29699999999997
22,4820194822435;4,72446040000008;1,29799999999997
22,4993399903192;4,72173510000009;1,29899999999997
22,5166604983948;4,71900000000009;1,29999999999997
22,5339810064705;4,71625510000009;1,30099999999997
22,5513015145462;4,71350040000009;1,30199999999997
22,5686220226219;4,71073590000009;1,30299999999997
22,5859425306976;4,70796160000009;1,30399999999997
22,6032630387733;4,70517750000009;1,30499999999997
22,620583546849;4,70238360000009;1,30599999999997
22,6379040549247;4,69957990000009;1,30699999999997
22,6552245630003;4,69676640000009;1,30799999999997
22,672545071076;4,69394310000009;1,30899999999997
22,6898655791517;4,69111000000009;1,30999999999997
22,7071860872274;4,68826710000009;1,31099999999997
22,7245065953031;4,68541440000009;1,31199999999997
22,7418271033788;4,68255190000009;1,31299999999997
22,7591476114545;4,67967960000009;1,31399999999997
22,7764681195301;4,6767975000001;1,31499999999997
22,7937886276058;4,6739056000001;1,31599999999997
22,8111091356815;4,6710039000001;1,31699999999997
22,8284296437572;4,6680924000001;1,31799999999997
22,8457501518329;4,6651711000001;1,31899999999997
22,8630706599086;4,6622400000001;1,31999999999997
22,8803911679843;4,6592991000001;1,32099999999997
22,89771167606;4,6563484000001;1,32199999999997
22,9150321841356;4,6533879000001;1,32299999999997
22,9323526922113;4,6504176000001;1,32399999999997
22,949673200287;4,6474375000001;1,32499999999996
22,9669937083627;4,6444476000001;1,32599999999996
22,9843142164384;4,6414479000001;1,32699999999996
23,0016347245141;4,6384384000001;1,32799999999996
23,0189552325898;4,63541910000011;1,32899999999996
23,0362757406654;4,6323900000001;1,32999999999996
23,0535962487411;4,62935110000011;1,33099999999996
23,0709167568168;4,62630240000011;1,33199999999996
23,0882372648925;4,62324390000011;1,33299999999996
23,1055577729682;4,62017560000011;1,33399999999996
23,1228782810439;4,61709750000011;1,33499999999996
23,1401987891196;4,61400960000011;1,33599999999996
23,1575192971953;4,61091190000011;1,33699999999996
23,1748398052709;4,60780440000011;1,33799999999996
23,1921603133466;4,60468710000011;1,33899999999996
23,2094808214223;4,60156000000011;1,33999999999996
23,226801329498;4,59842310000011;1,34099999999996
23,2441218375737;4,59527640000011;1,34199999999996
23,2614423456494;4,59211990000011;1,34299999999996
23,2787628537251;4,58895360000011;1,34399999999996
23,2960833618008;4,58577750000012;1,34499999999996
23,3134038698764;4,58259160000012;1,34599999999996
23,3307243779521;4,57939590000012;1,34699999999996
23,3480448860278;4,57619040000012;1,34799999999996
23,3653653941035;4,57297510000012;1,34899999999996
23,3826859021792;4,56975000000012;1,34999999999996
23,4000064102549;4,56651510000012;1,35099999999996
23,4173269183306;4,56327040000012;1,35199999999996
23,4346474264062;4,56001590000012;1,35299999999996
23,4519679344819;4,55675160000012;1,35399999999996
23,4692884425576;4,55347750000012;1,35499999999996
23,4866089506333;4,55019360000012;1,35599999999996
23,503929458709;4,54689990000012;1,35699999999996
23,5212499667847;4,54359640000012;1,35799999999996
23,5385704748604;4,54028310000013;1,35899999999996
23,5558909829361;4,53696000000013;1,35999999999996
23,5732114910117;4,53362710000013;1,36099999999996
23,5905319990874;4,53028440000013;1,36199999999996
23,6078525071631;4,52693190000013;1,36299999999996
23,6251730152388;4,52356960000013;1,36399999999996
23,6424935233145;4,52019750000013;1,36499999999996
23,6598140313902;4,51681560000013;1,36599999999996
23,6771345394659;4,51342390000013;1,36699999999996
23,6944550475416;4,51002240000013;1,36799999999996
23,7117755556172;4,50661110000013;1,36899999999996
23,7290960636929;4,50319000000013;1,36999999999996
23,7464165717686;4,49975910000014;1,37099999999996
23,7637370798443;4,49631840000014;1,37199999999996
23,78105758792;4,49286790000014;1,37299999999996
23,7983780959957;4,48940760000014;1,37399999999996
23,8156986040714;4,48593750000014;1,37499999999996
23,833019112147;4,48245760000014;1,37599999999996
23,8503396202227;4,47896790000014;1,37699999999996
23,8676601282984;4,47546840000014;1,37799999999996
23,8849806363741;4,47195910000014;1,37899999999996
23,9023011444498;4,46844000000014;1,37999999999996
23,9196216525255;4,46491110000014;1,38099999999996
23,9369421606012;4,46137240000014;1,38199999999996
23,9542626686769;4,45782390000015;1,38299999999996
23,9715831767525;4,45426560000015;1,38399999999996
23,9889036848282;4,45069750000015;1,38499999999996
24,0062241929039;4,44711960000015;1,38599999999996
24,0235447009796;4,44353190000015;1,38699999999996
24,0408652090553;4,43993440000015;1,38799999999996
24,058185717131;4,43632710000015;1,38899999999996
24,0755062252067;4,43271000000015;1,38999999999996
24,0928267332823;4,42908310000015;1,39099999999996
24,110147241358;4,42544640000015;1,39199999999996
24,1274677494337;4,42179990000015;1,39299999999996
24,1447882575094;4,41814360000015;1,39399999999996
24,1621087655851;4,41447750000016;1,39499999999996
24,1794292736608;4,41080160000015;1,39599999999996
24,1967497817365;4,40711590000016;1,39699999999996
24,2140702898122;4,40342040000016;1,39799999999996
24,2313907978878;4,39971510000016;1,39899999999996
24,2487113059635;4,39600000000016;1,39999999999996
24,2660318140392;4,39227510000016;1,40099999999996
24,2833523221149;4,38854040000016;1,40199999999996
24,3006728301906;4,38479590000016;1,40299999999996
24,3179933382663;4,38104160000016;1,40399999999996
24,335313846342;4,37727750000016;1,40499999999996
24,3526343544177;4,37350360000016;1,40599999999996
24,3699548624933;4,36971990000017;1,40699999999996
24,387275370569;4,36592640000016;1,40799999999996
24,4045958786447;4,36212310000017;1,40899999999996
24,4219163867204;4,35831000000017;1,40999999999996
24,4392368947961;4,35448710000017;1,41099999999996
24,4565574028718;4,35065440000017;1,41199999999996
24,4738779109475;4,34681190000017;1,41299999999996
24,4911984190231;4,34295960000017;1,41399999999996
24,5085189270988;4,33909750000017;1,41499999999996
24,5258394351745;4,33522560000017;1,41599999999995
24,5431599432502;4,33134390000017;1,41699999999995
24,5604804513259;4,32745240000017;1,41799999999995
24,5778009594016;4,32355110000018;1,41899999999995
24,5951214674773;4,31964000000017;1,41999999999995
24,612441975553;4,31571910000018;1,42099999999995
24,6297624836286;4,31178840000018;1,42199999999995
24,6470829917043;4,30784790000018;1,42299999999995
24,66440349978;4,30389760000018;1,42399999999995
24,6817240078557;4,29993750000018;1,42499999999995
24,6990445159314;4,29596760000018;1,42599999999995
24,7163650240071;4,29198790000018;1,42699999999995
24,7336855320828;4,28799840000018;1,42799999999995
24,7510060401585;4,28399910000018;1,42899999999995
24,7683265482341;4,27999000000018;1,42999999999995
24,7856470563098;4,27597110000018;1,43099999999995
24,8029675643855;4,27194240000019;1,43199999999995
24,8202880724612;4,26790390000019;1,43299999999995
24,8376085805369;4,26385560000019;1,43399999999995
24,8549290886126;4,25979750000019;1,43499999999995
24,8722495966883;4,25572960000019;1,43599999999995
24,8895701047639;4,25165190000019;1,43699999999995
24,9068906128396;4,24756440000019;1,43799999999995
24,9242111209153;4,24346710000019;1,43899999999995
24,941531628991;4,23936000000019;1,43999999999995
24,9588521370667;4,23524310000019;1,44099999999995
24,9761726451424;4,2311164000002;1,44199999999995
24,9934931532181;4,2269799000002;1,44299999999995
25,0108136612938;4,2228336000002;1,44399999999995
25,0281341693694;4,2186775000002;1,44499999999995
25,0454546774451;4,2145116000002;1,44599999999995
25,0627751855208;4,2103359000002;1,44699999999995
25,0800956935965;4,2061504000002;1,44799999999995
25,0974162016722;4,2019551000002;1,44899999999995
25,1147367097479;4,1977500000002;1,44999999999995
25,1320572178236;4,1935351000002;1,45099999999995
25,1493777258993;4,1893104000002;1,45199999999995
25,1666982339749;4,18507590000021;1,45299999999995
25,1840187420506;4,18083160000021;1,45399999999995
25,2013392501263;4,17657750000021;1,45499999999995
25,218659758202;4,17231360000021;1,45599999999995
25,2359802662777;4,16803990000021;1,45699999999995
25,2533007743534;4,16375640000021;1,45799999999995
25,2706212824291;4,15946310000021;1,45899999999995
25,2879417905047;4,15516000000021;1,45999999999995
25,3052622985804;4,15084710000021;1,46099999999995
25,3225828066561;4,14652440000021;1,46199999999995
25,3399033147318;4,14219190000022;1,46299999999995
25,3572238228075;4,13784960000021;1,46399999999995
25,3745443308832;4,13349750000022;1,46499999999995
25,3918648389589;4,12913560000022;1,46599999999995
25,4091853470346;4,12476390000022;1,46699999999995
25,4265058551102;4,12038240000022;1,46799999999995
25,4438263631859;4,11599110000022;1,46899999999995
25,4611468712616;4,11159000000022;1,46999999999995
25,4784673793373;4,10717910000022;1,47099999999995
25,495787887413;4,10275840000022;1,47199999999995
25,5131083954887;4,09832790000023;1,47299999999995
25,5304289035644;4,09388760000022;1,47399999999995
25,54774941164;4,08943750000023;1,47499999999995
25,5650699197157;4,08497760000023;1,47599999999995
25,5823904277914;4,08050790000023;1,47699999999995
25,5997109358671;4,07602840000023;1,47799999999995
25,6170314439428;4,07153910000023;1,47899999999995
25,6343519520185;4,06704000000023;1,47999999999995
25,6516724600942;4,06253110000023;1,48099999999995
25,6689929681699;4,05801240000023;1,48199999999995
25,6863134762455;4,05348390000023;1,48299999999995
25,7036339843212;4,04894560000023;1,48399999999995
25,7209544923969;4,04439750000024;1,48499999999995
25,7382750004726;4,03983960000024;1,48599999999995
25,7555955085483;4,03527190000024;1,48699999999995
25,772916016624;4,03069440000024;1,48799999999995
25,7902365246997;4,02610710000024;1,48899999999995
25,8075570327753;4,02151000000024;1,48999999999995
25,824877540851;4,01690310000024;1,49099999999995
25,8421980489267;4,01228640000024;1,49199999999995
25,8595185570024;4,00765990000025;1,49299999999995
25,8768390650781;4,00302360000024;1,49399999999995
25,8941595731538;3,99837750000025;1,49499999999995
25,9114800812295;3,99372160000025;1,49599999999995
25,9288005893052;3,98905590000025;1,49699999999995
25,9461210973808;3,98438040000025;1,49799999999995
25,9634416054565;3,97969510000025;1,49899999999995
25,9807621135322;3,97500000000025;1,49999999999995
25,9980826216079;3,97029510000025;1,50099999999995
26,0154031296836;3,96558040000025;1,50199999999995
26,0327236377593;3,96085590000026;1,50299999999995
26,050044145835;3,95612160000026;1,50399999999995
26,0673646539107;3,95137750000026;1,50499999999995
26,0846851619863;3,94662360000026;1,50599999999995
26,102005670062;3,94185990000026;1,50699999999994
26,1193261781377;3,93708640000026;1,50799999999994
26,1366466862134;3,93230310000026;1,50899999999994
26,1539671942891;3,92751000000026;1,50999999999994
26,1712877023648;3,92270710000026;1,51099999999994
26,1886082104405;3,91789440000026;1,51199999999994
26,2059287185161;3,91307190000027;1,51299999999994
26,2232492265918;3,90823960000027;1,51399999999994
26,2405697346675;3,90339750000027;1,51499999999994
26,2578902427432;3,89854560000027;1,51599999999994
26,2752107508189;3,89368390000027;1,51699999999994
26,2925312588946;3,88881240000027;1,51799999999994
26,3098517669703;3,88393110000027;1,51899999999994
26,327172275046;3,87904000000027;1,51999999999994
26,3444927831216;3,87413910000028;1,52099999999994
26,3618132911973;3,86922840000027;1,52199999999994
26,379133799273;3,86430790000028;1,52299999999994
26,3964543073487;3,85937760000028;1,52399999999994
26,4137748154244;3,85443750000028;1,52499999999994
26,4310953235001;3,84948760000028;1,52599999999994
26,4484158315758;3,84452790000028;1,52699999999994
26,4657363396515;3,83955840000028;1,52799999999994
26,4830568477271;3,83457910000029;1,52899999999994
26,5003773558028;3,82959000000029;1,52999999999994
26,5176978638785;3,82459110000029;1,53099999999994
26,5350183719542;3,81958240000029;1,53199999999994
26,5523388800299;3,81456390000029;1,53299999999994
26,5696593881056;3,80953560000029;1,53399999999994
26,5869798961813;3,80449750000029;1,53499999999994
26,6043004042569;3,79944960000029;1,53599999999994
26,6216209123326;3,79439190000029;1,53699999999994
26,6389414204083;3,78932440000029;1,53799999999994
26,656261928484;3,7842471000003;1,53899999999994
26,6735824365597;3,7791600000003;1,53999999999994
26,6909029446354;3,7740631000003;1,54099999999994
26,7082234527111;3,7689564000003;1,54199999999994
26,7255439607868;3,7638399000003;1,54299999999994
26,7428644688624;3,7587136000003;1,54399999999994
26,7601849769381;3,7535775000003;1,54499999999994
26,7775054850138;3,7484316000003;1,54599999999994
26,7948259930895;3,7432759000003;1,54699999999994
26,8121465011652;3,73811040000031;1,54799999999994
26,8294670092409;3,73293510000031;1,54899999999994
26,8467875173166;3,72775000000031;1,54999999999994
26,8641080253922;3,72255510000031;1,55099999999994
26,8814285334679;3,71735040000031;1,55199999999994
26,8987490415436;3,71213590000031;1,55299999999994
26,9160695496193;3,70691160000031;1,55399999999994
26,933390057695;3,70167750000031;1,55499999999994
26,9507105657707;3,69643360000031;1,55599999999994
26,9680310738464;3,69117990000032;1,55699999999994
26,9853515819221;3,68591640000032;1,55799999999994
27,0026720899977;3,68064310000032;1,55899999999994
27,0199925980734;3,67536000000032;1,55999999999994
27,0373131061491;3,67006710000032;1,56099999999994
27,0546336142248;3,66476440000032;1,56199999999994
27,0719541223005;3,65945190000032;1,56299999999994
27,0892746303762;3,65412960000032;1,56399999999994
27,1065951384519;3,64879750000032;1,56499999999994
27,1239156465276;3,64345560000033;1,56599999999994
27,1412361546032;3,63810390000033;1,56699999999994
27,1585566626789;3,63274240000033;1,56799999999994
27,1758771707546;3,62737110000033;1,56899999999994
27,1931976788303;3,62199000000033;1,56999999999994
27,210518186906;3,61659910000033;1,57099999999994
27,2278386949817;3,61119840000033;1,57199999999994
27,2451592030574;3,60578790000033;1,57299999999994
27,262479711133;3,60036760000034;1,57399999999994
27,2798002192087;3,59493750000034;1,57499999999994
27,2971207272844;3,58949760000034;1,57599999999994
27,3144412353601;3,58404790000034;1,57699999999994
27,3317617434358;3,57858840000034;1,57799999999994
27,3490822515115;3,57311910000034;1,57899999999994
27,3664027595872;3,56764000000034;1,57999999999994
27,3837232676629;3,56215110000035;1,58099999999994
27,4010437757385;3,55665240000034;1,58199999999994
27,4183642838142;3,55114390000035;1,58299999999994
27,4356847918899;3,54562560000035;1,58399999999994
27,4530052999656;3,54009750000035;1,58499999999994
27,4703258080413;3,53455960000035;1,58599999999994
27,487646316117;3,52901190000035;1,58699999999994
27,5049668241927;3,52345440000035;1,58799999999994
27,5222873322684;3,51788710000035;1,58899999999994
27,539607840344;3,51231000000035;1,58999999999994
27,5569283484197;3,50672310000036;1,59099999999994
27,5742488564954;3,50112640000036;1,59199999999994
27,5915693645711;3,49551990000036;1,59299999999994
27,6088898726468;3,48990360000036;1,59399999999994
27,6262103807225;3,48427750000036;1,59499999999994
27,6435308887982;3,47864160000036;1,59599999999994
27,6608513968738;3,47299590000036;1,59699999999994
27,6781719049495;3,46734040000037;1,59799999999993
27,6954924130252;3,46167510000037;1,59899999999993
27,7128129211009;3,45600000000037;1,59999999999993
27,7301334291766;3,45031510000037;1,60099999999993
27,7474539372523;3,44462040000037;1,60199999999993
27,764774445328;3,43891590000037;1,60299999999993
27,7820949534037;3,43320160000037;1,60399999999993
27,7994154614793;3,42747750000037;1,60499999999993
27,816735969555;3,42174360000038;1,60599999999993
27,8340564776307;3,41599990000038;1,60699999999993
27,8513769857064;3,41024640000038;1,60799999999993
27,8686974937821;3,40448310000038;1,60899999999993
27,8860180018578;3,39871000000038;1,60999999999993
27,9033385099335;3,39292710000038;1,61099999999993
27,9206590180091;3,38713440000038;1,61199999999993
27,9379795260848;3,38133190000038;1,61299999999993
27,9553000341605;3,37551960000039;1,61399999999993
27,9726205422362;3,36969750000039;1,61499999999993
27,9899410503119;3,36386560000039;1,61599999999993
28,0072615583876;3,35802390000039;1,61699999999993
28,0245820664633;3,35217240000039;1,61799999999993
28,041902574539;3,34631110000039;1,61899999999993
28,0592230826146;3,34044000000039;1,61999999999993
28,0765435906903;3,33455910000039;1,62099999999993
28,093864098766;3,3286684000004;1,62199999999993
28,1111846068417;3,3227679000004;1,62299999999993
28,1285051149174;3,3168576000004;1,62399999999993
28,1458256229931;3,3109375000004;1,62499999999993
28,1631461310688;3,3050076000004;1,62599999999993
28,1804666391444;3,2990679000004;1,62699999999993
28,1977871472201;3,2931184000004;1,62799999999993
28,2151076552958;3,2871591000004;1,62899999999993
28,2324281633715;3,28119000000041;1,62999999999993
28,2497486714472;3,27521110000041;1,63099999999993
28,2670691795229;3,26922240000041;1,63199999999993
28,2843896875986;3,26322390000041;1,63299999999993
28,3017101956743;3,25721560000041;1,63399999999993
28,3190307037499;3,25119750000041;1,63499999999993
28,3363512118256;3,24516960000041;1,63599999999993
28,3536717199013;3,23913190000041;1,63699999999993
28,370992227977;3,23308440000042;1,63799999999993
28,3883127360527;3,22702710000042;1,63899999999993
28,4056332441284;3,22096000000042;1,63999999999993
28,4229537522041;3,21488310000042;1,64099999999993
28,4402742602797;3,20879640000043;1,64199999999993
28,4575947683554;3,20269990000043;1,64299999999993
28,4749152764311;3,19659360000043;1,64399999999993
28,4922357845068;3,19047750000043;1,64499999999993
28,5095562925825;3,18435160000043;1,64599999999993
28,5268768006582;3,17821590000043;1,64699999999993
28,5441973087339;3,17207040000043;1,64799999999993
28,5615178168096;3,16591510000043;1,64899999999993
28,5788383248852;3,15975000000043;1,64999999999993
28,5961588329609;3,15357510000043;1,65099999999993
28,6134793410366;3,14739040000044;1,65199999999993
28,6307998491123;3,14119590000044;1,65299999999993
28,648120357188;3,13499160000044;1,65399999999993
28,6654408652637;3,12877750000044;1,65499999999993
28,6827613733394;3,12255360000044;1,65599999999993
28,7000818814151;3,11631990000044;1,65699999999993
28,7174023894907;3,11007640000045;1,65799999999993
28,7347228975664;3,10382310000045;1,65899999999993
28,7520434056421;3,09756000000045;1,65999999999993
28,7693639137178;3,09128710000045;1,66099999999993
28,7866844217935;3,08500440000045;1,66199999999993
28,8040049298692;3,07871190000045;1,66299999999993
28,8213254379449;3,07240960000045;1,66399999999993
28,8386459460206;3,06609750000045;1,66499999999993
28,8559664540962;3,05977560000046;1,66599999999993
28,8732869621719;3,05344390000046;1,66699999999993
28,8906074702476;3,04710240000046;1,66799999999993
28,9079279783233;3,04075110000046;1,66899999999993
28,925248486399;3,03439000000046;1,66999999999993
28,9425689944747;3,02801910000047;1,67099999999993
28,9598895025504;3,02163840000046;1,67199999999993
28,977210010626;3,01524790000047;1,67299999999993
28,9945305187017;3,00884760000047;1,67399999999993
29,0118510267774;3,00243750000047;1,67499999999993
29,0291715348531;2,99601760000047;1,67599999999993
29,0464920429288;2,98958790000047;1,67699999999993
29,0638125510045;2,98314840000047;1,67799999999993
29,0811330590802;2,97669910000048;1,67899999999993
29,0984535671559;2,97024000000048;1,67999999999993
29,1157740752315;2,96377110000048;1,68099999999993
29,1330945833072;2,95729240000048;1,68199999999993
29,1504150913829;2,95080390000048;1,68299999999993
29,1677355994586;2,94430560000048;1,68399999999993
29,1850561075343;2,93779750000048;1,68499999999993
29,20237661561;2,93127960000048;1,68599999999993
29,2196971236857;2,92475190000049;1,68699999999993
29,2370176317614;2,91821440000049;1,68799999999993
29,254338139837;2,91166710000049;1,68899999999992
29,2716586479127;2,90511000000049;1,68999999999992
29,2889791559884;2,89854310000049;1,69099999999992
29,3062996640641;2,89196640000049;1,69199999999992
29,3236201721398;2,88537990000049;1,69299999999992
29,3409406802155;2,8787836000005;1,69399999999992
29,3582611882912;2,8721775000005;1,69499999999992
29,3755816963668;2,8655616000005;1,69599999999992
29,3929022044425;2,8589359000005;1,69699999999992
29,4102227125182;2,8523004000005;1,69799999999992
29,4275432205939;2,8456551000005;1,69899999999992
29,4448637286696;2,8390000000005;1,69999999999992
29,4621842367453;2,83233510000051;1,70099999999992
29,479504744821;2,82566040000051;1,70199999999992
29,4968252528967;2,81897590000051;1,70299999999992
29,5141457609723;2,81228160000051;1,70399999999992
29,531466269048;2,80557750000051;1,70499999999992
29,5487867771237;2,79886360000052;1,70599999999992
29,5661072851994;2,79213990000052;1,70699999999992
29,5834277932751;2,78540640000052;1,70799999999992
29,6007483013508;2,77866310000052;1,70899999999992
29,6180688094265;2,77191000000052;1,70999999999992
29,6353893175021;2,76514710000052;1,71099999999992
29,6527098255778;2,75837440000052;1,71199999999992
29,6700303336535;2,75159190000052;1,71299999999992
29,6873508417292;2,74479960000053;1,71399999999992
29,7046713498049;2,73799750000053;1,71499999999992
29,7219918578806;2,73118560000053;1,71599999999992
29,7393123659563;2,72436390000053;1,71699999999992
29,756632874032;2,71753240000053;1,71799999999992
29,7739533821076;2,71069110000053;1,71899999999992
29,7912738901833;2,70384000000053;1,71999999999992
29,808594398259;2,69697910000054;1,72099999999992
29,8259149063347;2,69010840000054;1,72199999999992
29,8432354144104;2,68322790000054;1,72299999999992
29,8605559224861;2,67633760000054;1,72399999999992
29,8778764305618;2,66943750000054;1,72499999999992
29,8951969386375;2,66252760000054;1,72599999999992
29,9125174467131;2,65560790000055;1,72699999999992
29,9298379547888;2,64867840000055;1,72799999999992
29,9471584628645;2,64173910000055;1,72899999999992
29,9644789709402;2,63479000000055;1,72999999999992
29,9817994790159;2,62783110000055;1,73099999999992
29,9991199870916;2,62086240000055;1,73199999999992
30,0164404951673;2,61388390000055;1,73299999999992
30,0337610032429;2,60689560000056;1,73399999999992
30,0510815113186;2,59989750000056;1,73499999999992
30,0684020193943;2,59288960000056;1,73599999999992
30,08572252747;2,58587190000056;1,73699999999992
30,1030430355457;2,57884440000056;1,73799999999992
30,1203635436214;2,57180710000056;1,73899999999992
30,1376840516971;2,56476000000057;1,73999999999992
30,1550045597728;2,55770310000057;1,74099999999992
30,1723250678484;2,55063640000057;1,74199999999992
30,1896455759241;2,54355990000057;1,74299999999992
30,2069660839998;2,53647360000057;1,74399999999992
30,2242865920755;2,52937750000057;1,74499999999992
30,2416071001512;2,52227160000058;1,74599999999992
30,2589276082269;2,51515590000058;1,74699999999992
30,2762481163026;2,50803040000058;1,74799999999992
30,2935686243782;2,50089510000058;1,74899999999992
30,3108891324539;2,49375000000058;1,74999999999992
30,3282096405296;2,48659510000058;1,75099999999992
30,3455301486053;2,47943040000059;1,75199999999992
30,362850656681;2,47225590000058;1,75299999999992
30,3801711647567;2,46507160000059;1,75399999999992
30,3974916728324;2,45787750000059;1,75499999999992
30,4148121809081;2,45067360000059;1,75599999999992
30,4321326889837;2,44345990000059;1,75699999999992
30,4494531970594;2,43623640000059;1,75799999999992
30,4667737051351;2,4290031000006;1,75899999999992
30,4840942132108;2,4217600000006;1,75999999999992
30,5014147212865;2,4145071000006;1,76099999999992
30,5187352293622;2,4072444000006;1,76199999999992
30,5360557374379;2,3999719000006;1,76299999999992
30,5533762455136;2,3926896000006;1,76399999999992
30,5706967535892;2,38539750000061;1,76499999999992
30,5880172616649;2,3780956000006;1,76599999999992
30,6053377697406;2,37078390000061;1,76699999999992
30,6226582778163;2,36346240000061;1,76799999999992
30,639978785892;2,35613110000061;1,76899999999992
30,6572992939677;2,34879000000061;1,76999999999992
30,6746198020434;2,34143910000062;1,77099999999992
30,691940310119;2,33407840000062;1,77199999999992
30,7092608181947;2,32670790000062;1,77299999999992
30,7265813262704;2,31932760000062;1,77399999999992
30,7439018343461;2,31193750000062;1,77499999999992
30,7612223424218;2,30453760000062;1,77599999999992
30,7785428504975;2,29712790000062;1,77699999999992
30,7958633585732;2,28970840000062;1,77799999999992
30,8131838666489;2,28227910000063;1,77899999999991
30,8305043747245;2,27484000000063;1,77999999999991
30,8478248828002;2,26739110000063;1,78099999999991
30,8651453908759;2,25993240000063;1,78199999999991
30,8824658989516;2,25246390000064;1,78299999999991
30,8997864070273;2,24498560000064;1,78399999999991
30,917106915103;2,23749750000064;1,78499999999991
30,9344274231787;2,22999960000064;1,78599999999991
30,9517479312543;2,22249190000064;1,78699999999991
30,96906843933;2,21497440000064;1,78799999999991
30,9863889474057;2,20744710000064;1,78899999999991
31,0037094554814;2,19991000000065;1,78999999999991
31,0210299635571;2,19236310000065;1,79099999999991
31,0383504716328;2,18480640000065;1,79199999999991
31,0556709797085;2,17723990000065;1,79299999999991
31,0729914877842;2,16966360000065;1,79399999999991
31,0903119958598;2,16207750000066;1,79499999999991
31,1076325039355;2,15448160000066;1,79599999999991
31,1249530120112;2,14687590000066;1,79699999999991
31,1422735200869;2,13926040000066;1,79799999999991
31,1595940281626;2,13163510000066;1,79899999999991
31,1769145362383;2,12400000000066;1,79999999999991
31,194235044314;2,11635510000066;1,80099999999991
31,2115555523897;2,10870040000066;1,80199999999991
31,2288760604653;2,10103590000067;1,80299999999991
31,246196568541;2,09336160000067;1,80399999999991
31,2635170766167;2,08567750000067;1,80499999999991
31,2808375846924;2,07798360000067;1,80599999999991
31,2981580927681;2,07027990000068;1,80699999999991
31,3154786008438;2,06256640000068;1,80799999999991
31,3327991089195;2,05484310000068;1,80899999999991
31,3501196169951;2,04711000000068;1,80999999999991
31,3674401250708;2,03936710000069;1,81099999999991
31,3847606331465;2,03161440000068;1,81199999999991
31,4020811412222;2,02385190000069;1,81299999999991
31,4194016492979;2,01607960000069;1,81399999999991
31,4367221573736;2,00829750000069;1,81499999999991
31,4540426654493;2,00050560000069;1,81599999999991
31,471363173525;1,99270390000069;1,81699999999991
31,4886836816006;1,98489240000069;1,81799999999991
31,5060041896763;1,9770711000007;1,81899999999991
31,523324697752;1,9692400000007;1,81999999999991
31,5406452058277;1,9613991000007;1,82099999999991
31,5579657139034;1,9535484000007;1,82199999999991
31,5752862219791;1,9456879000007;1,82299999999991
31,5926067300548;1,93781760000071;1,82399999999991
31,6099272381305;1,9299375000007;1,82499999999991
31,6272477462061;1,92204760000071;1,82599999999991
31,6445682542818;1,91414790000071;1,82699999999991
31,6618887623575;1,90623840000071;1,82799999999991
31,6792092704332;1,89831910000071;1,82899999999991
31,6965297785089;1,89039000000071;1,82999999999991
31,7138502865846;1,88245110000072;1,83099999999991
31,7311707946603;1,87450240000072;1,83199999999991
31,7484913027359;1,86654390000072;1,83299999999991
31,7658118108116;1,85857560000072;1,83399999999991
31,7831323188873;1,85059750000072;1,83499999999991
31,800452826963;1,84260960000073;1,83599999999991
31,8177733350387;1,83461190000073;1,83699999999991
31,8350938431144;1,82660440000073;1,83799999999991
31,8524143511901;1,81858710000073;1,83899999999991
31,8697348592658;1,81056000000073;1,83999999999991
31,8870553673414;1,80252310000073;1,84099999999991
31,9043758754171;1,79447640000074;1,84199999999991
31,9216963834928;1,78641990000074;1,84299999999991
31,9390168915685;1,77835360000074;1,84399999999991
31,9563373996442;1,77027750000074;1,84499999999991
31,9736579077199;1,76219160000074;1,84599999999991
31,9909784157956;1,75409590000075;1,84699999999991
32,0082989238713;1,74599040000075;1,84799999999991
32,0256194319469;1,73787510000075;1,84899999999991
32,0429399400226;1,72975000000075;1,84999999999991
32,0602604480983;1,72161510000075;1,85099999999991
32,077580956174;1,71347040000076;1,85199999999991
32,0949014642497;1,70531590000076;1,85299999999991
32,1122219723254;1,69715160000076;1,85399999999991
32,1295424804011;1,68897750000076;1,85499999999991
32,1468629884767;1,68079360000076;1,85599999999991
32,1641834965524;1,67259990000076;1,85699999999991
32,1815040046281;1,66439640000077;1,85799999999991
32,1988245127038;1,65618310000077;1,85899999999991
32,2161450207795;1,64796000000077;1,85999999999991
32,2334655288552;1,63972710000077;1,86099999999991
32,2507860369309;1,63148440000077;1,86199999999991
32,2681065450066;1,62323190000078;1,86299999999991
32,2854270530822;1,61496960000078;1,86399999999991
32,3027475611579;1,60669750000078;1,86499999999991
32,3200680692336;1,59841560000078;1,86599999999991
32,3373885773093;1,59012390000078;1,86699999999991
32,354709085385;1,58182240000079;1,86799999999991
32,3720295934607;1,57351110000078;1,86899999999991
32,3893501015364;1,56519000000079;1,8699999999999
32,4066706096121;1,55685910000079;1,8709999999999
32,4239911176877;1,54851840000079;1,8719999999999
32,4413116257634;1,54016790000079;1,8729999999999
32,4586321338391;1,53180760000079;1,8739999999999
32,4759526419148;1,5234375000008;1,8749999999999
32,4932731499905;1,5150576000008;1,8759999999999
32,5105936580662;1,5066679000008;1,8769999999999
32,5279141661419;1,4982684000008;1,8779999999999
32,5452346742175;1,48985910000081;1,8789999999999
32,5625551822932;1,48144000000081;1,8799999999999
32,5798756903689;1,47301110000081;1,8809999999999
32,5971961984446;1,46457240000081;1,8819999999999
32,6145167065203;1,45612390000082;1,8829999999999
32,631837214596;1,44766560000081;1,8839999999999
32,6491577226717;1,43919750000081;1,8849999999999
32,6664782307474;1,43071960000082;1,8859999999999
32,683798738823;1,42223190000082;1,8869999999999
32,7011192468987;1,41373440000082;1,8879999999999
32,7184397549744;1,40522710000082;1,8889999999999
32,7357602630501;1,39671000000082;1,8899999999999
32,7530807711258;1,38818310000083;1,8909999999999
32,7704012792015;1,37964640000083;1,8919999999999
32,7877217872772;1,37109990000083;1,8929999999999
32,8050422953528;1,36254360000083;1,8939999999999
32,8223628034285;1,35397750000084;1,8949999999999
32,8396833115042;1,34540160000084;1,8959999999999
32,8570038195799;1,33681590000084;1,8969999999999
32,8743243276556;1,32822040000084;1,8979999999999
32,8916448357313;1,31961510000084;1,8989999999999
32,908965343807;1,31100000000085;1,8999999999999
32,9262858518827;1,30237510000084;1,9009999999999
32,9436063599583;1,29374040000085;1,9019999999999
32,960926868034;1,28509590000085;1,9029999999999
32,9782473761097;1,27644160000085;1,9039999999999
32,9955678841854;1,26777750000085;1,9049999999999
33,0128883922611;1,25910360000085;1,9059999999999
33,0302089003368;1,25041990000086;1,9069999999999
33,0475294084125;1,24172640000086;1,9079999999999
33,0648499164881;1,23302310000086;1,9089999999999
33,0821704245638;1,22431000000086;1,9099999999999
33,0994909326395;1,21558710000087;1,9109999999999
33,1168114407152;1,20685440000087;1,9119999999999
33,1341319487909;1,19811190000087;1,9129999999999
33,1514524568666;1,18935960000087;1,9139999999999
33,1687729649423;1,18059750000088;1,9149999999999
33,186093473018;1,17182560000088;1,9159999999999
33,2034139810936;1,16304390000088;1,9169999999999
33,2207344891693;1,15425240000088;1,9179999999999
33,238054997245;1,14545110000088;1,9189999999999
33,2553755053207;1,13664000000088;1,9199999999999
33,2726960133964;1,12781910000088;1,9209999999999
33,2900165214721;1,11898840000089;1,9219999999999
33,3073370295478;1,11014790000089;1,9229999999999
33,3246575376234;1,10129760000089;1,9239999999999
33,3419780456991;1,09243750000089;1,9249999999999
33,3592985537748;1,08356760000089;1,9259999999999
33,3766190618505;1,0746879000009;1,9269999999999
33,3939395699262;1,0657984000009;1,9279999999999
33,4112600780019;1,0568991000009;1,9289999999999
33,4285805860776;1,0479900000009;1,9299999999999
33,4459010941533;1,03907110000091;1,9309999999999
33,4632216022289;1,03014240000091;1,9319999999999
33,4805421103046;1,02120390000091;1,9329999999999
33,4978626183803;1,01225560000091;1,9339999999999
33,515183126456;1,003;
